animal_id,farm_id,species,age_months,weight_kg
1,1,Poultry,12,124
2,1,Sheep,28,458
3,1,Sheep,35,80
4,1,Cattle,9,437
5,1,Goat,57,136
6,1,Poultry,18,219
7,1,Sheep,14,457
8,1,Poultry,23,498
9,1,Poultry,10,478
10,1,Cattle,9,578
11,1,Cattle,11,267
12,1,Poultry,32,522
13,1,Sheep,19,435
14,1,Cattle,16,413
15,1,Cattle,30,296
16,1,Sheep,24,458
17,1,Sheep,15,219
18,1,Goat,19,84
19,1,Cattle,53,346
20,1,Cattle,9,513
21,1,Poultry,9,545
22,1,Cattle,60,215
23,1,Cattle,44,94
24,1,Poultry,31,147
25,1,Poultry,43,65
26,1,Cattle,32,560
27,1,Goat,22,234
28,1,Goat,21,296
29,1,Sheep,14,332
30,1,Sheep,26,99
31,1,Cattle,35,127
32,1,Cattle,40,243
33,1,Goat,14,382
34,1,Cattle,21,403
35,1,Goat,16,473
36,1,Goat,45,566
37,1,Cattle,48,592
38,1,Goat,48,131
39,1,Poultry,22,143
40,1,Cattle,53,591
41,2,Poultry,23,313
42,2,Poultry,51,376
43,2,Poultry,49,295
44,2,Sheep,22,77
45,2,Cattle,46,458
46,2,Goat,8,28
47,2,Goat,55,158
48,2,Goat,16,477
49,2,Sheep,41,34
50,2,Cattle,10,177
51,2,Cattle,59,403
52,2,Poultry,33,155
53,2,Cattle,25,398
54,2,Cattle,28,240
55,2,Poultry,48,130
56,2,Goat,55,598
57,2,Sheep,45,183
58,2,Poultry,16,206
59,2,Sheep,7,208
60,2,Goat,56,446
61,2,Poultry,23,188
62,2,Cattle,30,64
63,2,Sheep,20,229
64,2,Sheep,28,337
65,2,Poultry,20,49
66,2,Poultry,31,361
67,2,Goat,10,310
68,2,Goat,47,546
69,2,Sheep,49,574
70,2,Goat,7,143
71,2,Goat,17,296
72,2,Cattle,12,469
73,2,Goat,52,346
74,2,Sheep,44,548
75,2,Cattle,30,219
76,2,Goat,8,471
77,2,Cattle,39,576
78,2,Poultry,29,466
79,2,Cattle,48,363
80,2,Goat,48,152
81,3,Goat,38,341
82,3,Sheep,26,437
83,3,Goat,41,155
84,3,Poultry,32,413
85,3,Poultry,45,333
86,3,Sheep,41,25
87,3,Goat,24,240
88,3,Sheep,56,354
89,3,Sheep,34,477
90,3,Poultry,38,509
91,3,Poultry,48,111
92,3,Goat,38,368
93,3,Cattle,58,265
94,3,Goat,20,228
95,3,Poultry,7,72
96,3,Poultry,36,99
97,3,Sheep,32,224
98,3,Sheep,37,434
99,3,Poultry,15,30
100,3,Cattle,55,460
101,3,Poultry,17,555
102,3,Sheep,9,595
103,3,Poultry,60,149
104,3,Sheep,14,500
105,3,Goat,54,478
106,3,Sheep,59,586
107,3,Sheep,16,511
108,3,Sheep,22,278
109,3,Goat,55,558
110,3,Sheep,46,269
111,3,Goat,34,104
112,3,Goat,21,303
113,3,Goat,26,578
114,3,Cattle,14,179
115,3,Poultry,30,181
116,3,Poultry,10,449
117,3,Sheep,27,580
118,3,Sheep,32,88
119,3,Poultry,59,455
120,3,Sheep,55,45
121,4,Sheep,36,31
122,4,Goat,25,424
123,4,Sheep,40,584
124,4,Poultry,37,249
125,4,Goat,33,522
126,4,Cattle,30,369
127,4,Sheep,52,194
128,4,Sheep,14,571
129,4,Cattle,31,52
130,4,Cattle,47,463
131,4,Poultry,35,211
132,4,Cattle,22,413
133,4,Goat,19,490
134,4,Goat,27,413
135,4,Goat,54,456
136,4,Goat,59,108
137,4,Sheep,7,577
138,4,Cattle,28,254
139,4,Cattle,55,66
140,4,Cattle,21,229
141,4,Cattle,45,181
142,4,Poultry,14,509
143,4,Cattle,42,248
144,4,Sheep,50,287
145,4,Goat,16,142
146,4,Poultry,25,135
147,4,Cattle,25,409
148,4,Sheep,51,228
149,4,Cattle,43,273
150,4,Cattle,50,333
151,4,Cattle,56,67
152,4,Goat,40,463
153,4,Goat,10,543
154,4,Goat,6,455
155,4,Sheep,12,468
156,4,Goat,46,495
157,4,Poultry,33,205
158,4,Goat,45,576
159,4,Sheep,35,471
160,4,Goat,26,276
161,5,Cattle,23,486
162,5,Poultry,54,500
163,5,Sheep,27,54
164,5,Sheep,60,357
165,5,Poultry,37,242
166,5,Goat,57,289
167,5,Goat,23,307
168,5,Cattle,39,220
169,5,Cattle,21,441
170,5,Sheep,41,271
171,5,Sheep,47,527
172,5,Sheep,56,42
173,5,Cattle,24,251
174,5,Sheep,50,274
175,5,Goat,48,402
176,5,Sheep,41,568
177,5,Goat,33,588
178,5,Goat,28,489
179,5,Goat,25,282
180,5,Poultry,13,222
181,5,Goat,13,573
182,5,Poultry,18,246
183,5,Sheep,23,562
184,5,Goat,12,223
185,5,Goat,20,394
186,5,Poultry,25,39
187,5,Poultry,23,71
188,5,Cattle,41,324
189,5,Poultry,46,527
190,5,Cattle,6,316
191,5,Sheep,36,476
192,5,Goat,17,77
193,5,Goat,36,141
194,5,Cattle,31,528
195,5,Cattle,42,79
196,5,Poultry,15,336
197,5,Cattle,21,146
198,5,Sheep,44,256
199,5,Sheep,34,478
200,5,Goat,43,464
201,6,Goat,42,86
202,6,Cattle,54,237
203,6,Poultry,22,108
204,6,Poultry,21,202
205,6,Cattle,16,27
206,6,Sheep,34,506
207,6,Goat,8,262
208,6,Goat,51,314
209,6,Sheep,10,264
210,6,Goat,56,227
211,6,Sheep,13,582
212,6,Poultry,47,177
213,6,Goat,58,170
214,6,Cattle,9,194
215,6,Goat,44,320
216,6,Sheep,13,504
217,6,Goat,50,437
218,6,Goat,38,577
219,6,Sheep,34,107
220,6,Cattle,33,355
221,6,Goat,7,118
222,6,Poultry,49,46
223,6,Goat,42,66
224,6,Poultry,36,556
225,6,Sheep,23,210
226,6,Sheep,46,528
227,6,Cattle,36,381
228,6,Sheep,27,353
229,6,Cattle,60,189
230,6,Goat,32,532
231,6,Goat,48,435
232,6,Cattle,35,115
233,6,Goat,22,356
234,6,Cattle,55,438
235,6,Cattle,48,580
236,6,Sheep,32,80
237,6,Poultry,39,395
238,6,Sheep,46,477
239,6,Cattle,19,298
240,6,Poultry,24,473
241,7,Sheep,13,54
242,7,Poultry,51,187
243,7,Goat,41,39
244,7,Sheep,11,255
245,7,Cattle,35,145
246,7,Poultry,37,323
247,7,Goat,32,519
248,7,Sheep,21,492
249,7,Poultry,30,220
250,7,Poultry,10,307
251,7,Sheep,27,544
252,7,Goat,58,27
253,7,Goat,52,330
254,7,Sheep,15,482
255,7,Sheep,28,365
256,7,Sheep,35,354
257,7,Poultry,50,269
258,7,Sheep,20,445
259,7,Cattle,26,509
260,7,Sheep,30,180
261,7,Sheep,8,154
262,7,Goat,12,475
263,7,Cattle,39,492
264,7,Cattle,52,172
265,7,Sheep,47,183
266,7,Cattle,36,296
267,7,Goat,45,432
268,7,Cattle,60,361
269,7,Sheep,26,524
270,7,Cattle,45,95
271,7,Poultry,46,319
272,7,Poultry,53,117
273,7,Sheep,12,127
274,7,Sheep,16,331
275,7,Cattle,8,357
276,7,Cattle,24,392
277,7,Goat,33,174
278,7,Poultry,39,446
279,7,Poultry,16,204
280,7,Cattle,45,416
281,8,Poultry,37,171
282,8,Poultry,35,285
283,8,Sheep,22,34
284,8,Sheep,24,584
285,8,Poultry,10,477
286,8,Goat,43,331
287,8,Sheep,50,281
288,8,Sheep,60,334
289,8,Poultry,30,519
290,8,Cattle,21,415
291,8,Goat,42,327
292,8,Goat,7,430
293,8,Goat,6,75
294,8,Sheep,59,318
295,8,Poultry,44,385
296,8,Poultry,46,219
297,8,Goat,49,165
298,8,Cattle,46,65
299,8,Goat,56,476
300,8,Cattle,43,398
301,8,Poultry,11,327
302,8,Goat,53,450
303,8,Poultry,18,160
304,8,Goat,39,538
305,8,Goat,59,193
306,8,Goat,58,518
307,8,Goat,53,371
308,8,Cattle,35,102
309,8,Poultry,54,256
310,8,Sheep,60,595
311,8,Goat,11,429
312,8,Cattle,22,574
313,8,Cattle,35,402
314,8,Goat,43,415
315,8,Goat,12,264
316,8,Sheep,7,599
317,8,Goat,45,251
318,8,Cattle,46,500
319,8,Goat,47,443
320,8,Cattle,14,71
321,9,Cattle,25,529
322,9,Cattle,12,265
323,9,Poultry,30,489
324,9,Goat,48,578
325,9,Sheep,43,183
326,9,Sheep,47,126
327,9,Sheep,45,442
328,9,Goat,8,404
329,9,Poultry,34,480
330,9,Poultry,60,396
331,9,Cattle,49,401
332,9,Goat,9,432
333,9,Goat,18,150
334,9,Sheep,11,242
335,9,Cattle,9,366
336,9,Poultry,14,235
337,9,Cattle,59,592
338,9,Poultry,43,246
339,9,Poultry,27,176
340,9,Cattle,23,173
341,9,Poultry,40,281
342,9,Poultry,13,51
343,9,Poultry,6,391
344,9,Poultry,43,356
345,9,Cattle,17,296
346,9,Cattle,14,456
347,9,Cattle,53,90
348,9,Sheep,34,395
349,9,Cattle,34,540
350,9,Poultry,45,69
351,9,Goat,35,56
352,9,Cattle,36,436
353,9,Sheep,49,135
354,9,Sheep,51,479
355,9,Cattle,11,354
356,9,Poultry,10,154
357,9,Goat,45,586
358,9,Goat,30,568
359,9,Goat,35,542
360,9,Sheep,12,142
361,10,Poultry,33,487
362,10,Poultry,32,372
363,10,Sheep,31,450
364,10,Cattle,26,462
365,10,Goat,48,286
366,10,Goat,15,510
367,10,Cattle,11,112
368,10,Cattle,33,123
369,10,Goat,57,158
370,10,Cattle,43,600
371,10,Goat,48,150
372,10,Sheep,28,458
373,10,Cattle,24,344
374,10,Goat,12,544
375,10,Poultry,15,518
376,10,Poultry,60,135
377,10,Goat,60,594
378,10,Goat,13,310
379,10,Poultry,57,464
380,10,Cattle,44,298
381,10,Cattle,17,304
382,10,Goat,27,384
383,10,Cattle,17,171
384,10,Sheep,10,170
385,10,Cattle,11,568
386,10,Poultry,30,454
387,10,Sheep,27,186
388,10,Goat,25,357
389,10,Cattle,9,184
390,10,Poultry,54,75
391,10,Cattle,23,478
392,10,Sheep,37,477
393,10,Sheep,23,245
394,10,Cattle,28,465
395,10,Cattle,24,523
396,10,Goat,8,250
397,10,Sheep,44,81
398,10,Cattle,19,333
399,10,Poultry,55,165
400,10,Goat,24,360
401,11,Cattle,6,534
402,11,Sheep,17,157
403,11,Sheep,40,260
404,11,Goat,10,431
405,11,Cattle,33,44
406,11,Sheep,10,345
407,11,Sheep,42,439
408,11,Sheep,24,142
409,11,Sheep,7,357
410,11,Poultry,57,496
411,11,Goat,11,472
412,11,Cattle,21,471
413,11,Sheep,39,105
414,11,Sheep,25,372
415,11,Poultry,27,197
416,11,Cattle,38,141
417,11,Poultry,55,382
418,11,Goat,52,176
419,11,Poultry,12,174
420,11,Goat,18,202
421,11,Poultry,54,102
422,11,Poultry,55,530
423,11,Sheep,54,484
424,11,Goat,46,348
425,11,Poultry,34,94
426,11,Sheep,34,335
427,11,Goat,43,82
428,11,Goat,38,100
429,11,Goat,35,487
430,11,Cattle,9,402
431,11,Goat,10,117
432,11,Sheep,35,592
433,11,Cattle,34,217
434,11,Goat,44,512
435,11,Poultry,9,486
436,11,Cattle,57,376
437,11,Cattle,38,201
438,11,Cattle,21,473
439,11,Sheep,39,560
440,11,Poultry,29,406
441,12,Goat,30,443
442,12,Goat,49,78
443,12,Goat,10,362
444,12,Cattle,41,420
445,12,Goat,22,178
446,12,Goat,11,169
447,12,Goat,25,426
448,12,Poultry,44,111
449,12,Goat,41,410
450,12,Goat,58,155
451,12,Cattle,47,458
452,12,Goat,7,396
453,12,Goat,17,244
454,12,Goat,55,522
455,12,Poultry,20,165
456,12,Poultry,10,327
457,12,Cattle,38,577
458,12,Cattle,48,369
459,12,Poultry,44,410
460,12,Poultry,16,210
461,12,Poultry,52,473
462,12,Cattle,32,398
463,12,Poultry,34,316
464,12,Sheep,20,571
465,12,Poultry,25,505
466,12,Poultry,29,476
467,12,Sheep,55,313
468,12,Sheep,38,565
469,12,Sheep,16,229
470,12,Poultry,22,78
471,12,Sheep,29,592
472,12,Cattle,51,553
473,12,Cattle,24,110
474,12,Poultry,23,485
475,12,Poultry,59,472
476,12,Cattle,20,486
477,12,Goat,7,449
478,12,Cattle,31,539
479,12,Goat,21,420
480,12,Cattle,29,254
481,13,Cattle,26,126
482,13,Goat,56,174
483,13,Poultry,8,318
484,13,Sheep,50,167
485,13,Sheep,34,30
486,13,Cattle,7,287
487,13,Poultry,59,178
488,13,Sheep,13,320
489,13,Poultry,25,149
490,13,Cattle,21,454
491,13,Sheep,10,138
492,13,Sheep,44,573
493,13,Cattle,46,552
494,13,Poultry,51,172
495,13,Goat,33,26
496,13,Goat,21,451
497,13,Poultry,48,112
498,13,Goat,10,563
499,13,Cattle,30,506
500,13,Cattle,46,421
501,13,Goat,22,41
502,13,Goat,56,94
503,13,Goat,21,131
504,13,Goat,14,70
505,13,Goat,40,371
506,13,Poultry,59,500
507,13,Sheep,46,211
508,13,Poultry,10,493
509,13,Cattle,24,231
510,13,Cattle,56,229
511,13,Cattle,26,342
512,13,Sheep,58,581
513,13,Sheep,22,62
514,13,Poultry,24,390
515,13,Cattle,47,364
516,13,Goat,13,401
517,13,Sheep,31,475
518,13,Sheep,27,216
519,13,Sheep,50,534
520,13,Goat,57,556
521,14,Goat,57,109
522,14,Sheep,11,465
523,14,Poultry,40,325
524,14,Goat,12,106
525,14,Goat,48,327
526,14,Goat,34,461
527,14,Poultry,50,479
528,14,Goat,34,68
529,14,Goat,45,470
530,14,Goat,46,83
531,14,Cattle,48,440
532,14,Goat,38,188
533,14,Cattle,15,473
534,14,Cattle,14,93
535,14,Poultry,55,400
536,14,Goat,30,58
537,14,Poultry,49,485
538,14,Goat,29,479
539,14,Cattle,42,165
540,14,Goat,31,346
541,14,Goat,21,141
542,14,Cattle,53,215
543,14,Sheep,39,421
544,14,Cattle,22,291
545,14,Sheep,19,317
546,14,Sheep,18,150
547,14,Poultry,60,100
548,14,Sheep,17,480
549,14,Cattle,57,352
550,14,Goat,51,91
551,14,Goat,25,186
552,14,Poultry,56,395
553,14,Poultry,13,230
554,14,Poultry,21,530
555,14,Cattle,29,592
556,14,Goat,35,589
557,14,Poultry,45,113
558,14,Cattle,25,432
559,14,Sheep,39,445
560,14,Sheep,58,100
561,15,Poultry,26,100
562,15,Sheep,35,554
563,15,Goat,14,589
564,15,Poultry,55,157
565,15,Sheep,38,81
566,15,Cattle,39,181
567,15,Goat,16,190
568,15,Goat,51,255
569,15,Goat,39,315
570,15,Cattle,22,226
571,15,Goat,14,335
572,15,Cattle,38,197
573,15,Poultry,16,370
574,15,Cattle,58,54
575,15,Cattle,8,296
576,15,Poultry,55,451
577,15,Cattle,37,583
578,15,Goat,47,334
579,15,Sheep,21,440
580,15,Goat,35,99
581,15,Cattle,16,475
582,15,Sheep,36,500
583,15,Poultry,27,172
584,15,Goat,51,351
585,15,Goat,31,158
586,15,Goat,38,600
587,15,Cattle,26,272
588,15,Sheep,13,298
589,15,Sheep,21,169
590,15,Cattle,9,322
591,15,Sheep,45,453
592,15,Poultry,16,360
593,15,Goat,18,188
594,15,Sheep,38,503
595,15,Sheep,25,534
596,15,Cattle,11,427
597,15,Sheep,21,245
598,15,Goat,9,76
599,15,Goat,37,506
600,15,Goat,40,33
601,16,Cattle,33,162
602,16,Goat,52,399
603,16,Sheep,29,71
604,16,Sheep,9,600
605,16,Poultry,29,591
606,16,Goat,10,420
607,16,Sheep,54,588
608,16,Goat,58,146
609,16,Poultry,12,428
610,16,Goat,56,372
611,16,Goat,54,172
612,16,Poultry,44,546
613,16,Sheep,38,66
614,16,Cattle,8,165
615,16,Goat,57,510
616,16,Sheep,15,552
617,16,Poultry,26,351
618,16,Poultry,31,331
619,16,Goat,38,546
620,16,Sheep,51,331
621,16,Sheep,58,42
622,16,Goat,27,137
623,16,Sheep,43,340
624,16,Cattle,44,510
625,16,Goat,47,258
626,16,Cattle,43,516
627,16,Poultry,39,414
628,16,Poultry,58,273
629,16,Cattle,42,137
630,16,Poultry,7,476
631,16,Goat,32,180
632,16,Sheep,50,233
633,16,Sheep,38,507
634,16,Cattle,51,166
635,16,Poultry,41,357
636,16,Sheep,39,410
637,16,Goat,17,495
638,16,Goat,40,387
639,16,Goat,45,520
640,16,Poultry,21,310
641,17,Goat,20,329
642,17,Goat,51,237
643,17,Sheep,26,516
644,17,Goat,41,305
645,17,Goat,13,581
646,17,Sheep,31,378
647,17,Poultry,24,68
648,17,Goat,51,105
649,17,Goat,34,287
650,17,Sheep,19,231
651,17,Goat,41,303
652,17,Poultry,12,270
653,17,Poultry,9,568
654,17,Poultry,46,263
655,17,Cattle,12,448
656,17,Goat,51,508
657,17,Cattle,49,165
658,17,Cattle,41,186
659,17,Sheep,47,512
660,17,Sheep,47,229
661,17,Goat,26,317
662,17,Cattle,55,116
663,17,Poultry,40,63
664,17,Poultry,32,205
665,17,Cattle,59,431
666,17,Sheep,17,321
667,17,Cattle,6,330
668,17,Cattle,27,316
669,17,Sheep,47,581
670,17,Sheep,14,541
671,17,Sheep,23,222
672,17,Cattle,27,191
673,17,Sheep,47,288
674,17,Poultry,6,370
675,17,Goat,42,222
676,17,Poultry,45,440
677,17,Sheep,38,360
678,17,Cattle,31,122
679,17,Poultry,14,513
680,17,Goat,21,31
681,18,Goat,30,266
682,18,Sheep,54,298
683,18,Goat,25,36
684,18,Goat,47,393
685,18,Poultry,9,146
686,18,Sheep,25,188
687,18,Sheep,49,539
688,18,Goat,50,145
689,18,Goat,29,251
690,18,Poultry,14,514
691,18,Poultry,35,407
692,18,Sheep,50,587
693,18,Sheep,54,575
694,18,Poultry,54,278
695,18,Cattle,39,482
696,18,Goat,10,139
697,18,Cattle,59,585
698,18,Poultry,42,574
699,18,Poultry,16,360
700,18,Sheep,13,235
701,18,Sheep,11,547
702,18,Sheep,57,81
703,18,Sheep,14,550
704,18,Sheep,35,84
705,18,Sheep,49,340
706,18,Cattle,31,285
707,18,Cattle,53,248
708,18,Cattle,8,458
709,18,Goat,50,90
710,18,Cattle,10,508
711,18,Cattle,24,443
712,18,Poultry,55,163
713,18,Sheep,29,416
714,18,Sheep,30,409
715,18,Cattle,49,577
716,18,Poultry,47,381
717,18,Cattle,17,575
718,18,Sheep,39,155
719,18,Poultry,59,28
720,18,Cattle,25,499
721,19,Sheep,40,413
722,19,Poultry,21,496
723,19,Goat,15,307
724,19,Poultry,52,140
725,19,Cattle,57,454
726,19,Cattle,21,236
727,19,Cattle,12,59
728,19,Sheep,44,74
729,19,Poultry,53,70
730,19,Sheep,34,264
731,19,Poultry,54,82
732,19,Poultry,38,321
733,19,Poultry,58,351
734,19,Goat,21,334
735,19,Poultry,48,558
736,19,Poultry,32,332
737,19,Goat,9,595
738,19,Poultry,46,462
739,19,Sheep,9,377
740,19,Sheep,56,562
741,19,Goat,50,451
742,19,Sheep,15,332
743,19,Sheep,17,575
744,19,Sheep,21,255
745,19,Goat,60,172
746,19,Sheep,9,600
747,19,Sheep,32,595
748,19,Poultry,30,273
749,19,Goat,19,363
750,19,Cattle,34,404
751,19,Cattle,40,220
752,19,Cattle,23,411
753,19,Cattle,10,217
754,19,Poultry,36,238
755,19,Goat,25,40
756,19,Poultry,18,145
757,19,Sheep,21,234
758,19,Sheep,21,590
759,19,Goat,55,314
760,19,Sheep,35,571
761,20,Goat,25,292
762,20,Goat,38,534
763,20,Sheep,12,505
764,20,Goat,19,404
765,20,Goat,32,71
766,20,Poultry,53,174
767,20,Cattle,22,591
768,20,Sheep,24,181
769,20,Poultry,27,260
770,20,Sheep,42,276
771,20,Sheep,41,370
772,20,Goat,54,525
773,20,Sheep,35,197
774,20,Goat,16,168
775,20,Sheep,17,580
776,20,Cattle,39,59
777,20,Cattle,58,74
778,20,Cattle,32,165
779,20,Poultry,10,179
780,20,Cattle,19,542
781,20,Sheep,29,86
782,20,Sheep,48,524
783,20,Cattle,6,569
784,20,Sheep,6,42
785,20,Goat,40,318
786,20,Cattle,38,465
787,20,Poultry,12,123
788,20,Poultry,21,221
789,20,Goat,58,387
790,20,Goat,56,431
791,20,Cattle,29,440
792,20,Sheep,42,274
793,20,Poultry,25,107
794,20,Cattle,11,440
795,20,Sheep,30,590
796,20,Sheep,9,34
797,20,Poultry,11,536
798,20,Sheep,47,364
799,20,Cattle,39,68
800,20,Poultry,19,511
801,21,Goat,8,101
802,21,Goat,40,58
803,21,Poultry,60,347
804,21,Cattle,19,172
805,21,Sheep,10,331
806,21,Poultry,42,271
807,21,Sheep,49,578
808,21,Goat,30,168
809,21,Cattle,38,379
810,21,Cattle,12,472
811,21,Poultry,59,102
812,21,Goat,44,431
813,21,Goat,7,304
814,21,Sheep,37,258
815,21,Goat,41,409
816,21,Sheep,17,414
817,21,Cattle,55,327
818,21,Poultry,51,100
819,21,Cattle,23,182
820,21,Sheep,51,182
821,21,Sheep,26,394
822,21,Cattle,11,30
823,21,Goat,34,393
824,21,Goat,12,160
825,21,Cattle,17,466
826,21,Sheep,41,593
827,21,Sheep,12,51
828,21,Cattle,28,592
829,21,Cattle,44,357
830,21,Sheep,6,323
831,21,Sheep,30,111
832,21,Poultry,42,558
833,21,Poultry,49,414
834,21,Poultry,14,300
835,21,Goat,23,529
836,21,Poultry,10,196
837,21,Sheep,23,456
838,21,Goat,36,103
839,21,Goat,22,277
840,21,Sheep,44,225
841,22,Sheep,12,163
842,22,Goat,6,430
843,22,Goat,59,414
844,22,Goat,34,367
845,22,Sheep,58,164
846,22,Goat,26,230
847,22,Sheep,26,206
848,22,Sheep,26,323
849,22,Sheep,42,273
850,22,Goat,30,312
851,22,Sheep,29,141
852,22,Poultry,43,583
853,22,Poultry,49,588
854,22,Cattle,52,497
855,22,Poultry,34,323
856,22,Cattle,58,443
857,22,Sheep,14,335
858,22,Poultry,22,182
859,22,Sheep,56,411
860,22,Cattle,34,515
861,22,Sheep,40,543
862,22,Sheep,40,62
863,22,Goat,50,574
864,22,Cattle,12,279
865,22,Goat,16,70
866,22,Sheep,54,364
867,22,Sheep,12,35
868,22,Cattle,22,252
869,22,Poultry,34,408
870,22,Sheep,35,537
871,22,Poultry,28,50
872,22,Sheep,12,327
873,22,Sheep,11,143
874,22,Poultry,28,344
875,22,Goat,35,236
876,22,Sheep,28,512
877,22,Cattle,34,488
878,22,Goat,10,332
879,22,Cattle,57,142
880,22,Cattle,60,376
881,23,Cattle,49,193
882,23,Poultry,39,203
883,23,Poultry,27,598
884,23,Sheep,35,262
885,23,Sheep,46,213
886,23,Poultry,46,467
887,23,Sheep,7,227
888,23,Sheep,43,464
889,23,Sheep,6,244
890,23,Poultry,23,89
891,23,Cattle,57,574
892,23,Poultry,29,358
893,23,Poultry,35,141
894,23,Goat,48,526
895,23,Goat,44,422
896,23,Sheep,43,141
897,23,Goat,28,493
898,23,Poultry,58,329
899,23,Cattle,49,162
900,23,Goat,13,269
901,23,Goat,13,212
902,23,Goat,50,169
903,23,Sheep,32,166
904,23,Sheep,33,215
905,23,Sheep,46,575
906,23,Poultry,41,195
907,23,Sheep,24,168
908,23,Poultry,26,486
909,23,Cattle,28,34
910,23,Sheep,14,224
911,23,Sheep,41,542
912,23,Sheep,32,528
913,23,Sheep,51,479
914,23,Sheep,16,109
915,23,Cattle,56,250
916,23,Goat,8,306
917,23,Poultry,40,320
918,23,Poultry,55,493
919,23,Sheep,41,548
920,23,Cattle,42,141
921,24,Goat,55,581
922,24,Goat,40,67
923,24,Sheep,40,248
924,24,Sheep,12,278
925,24,Goat,8,485
926,24,Goat,28,114
927,24,Sheep,13,267
928,24,Poultry,57,384
929,24,Sheep,16,167
930,24,Poultry,58,236
931,24,Cattle,42,384
932,24,Goat,44,576
933,24,Poultry,26,324
934,24,Goat,42,298
935,24,Cattle,14,446
936,24,Cattle,23,154
937,24,Poultry,21,174
938,24,Goat,59,278
939,24,Sheep,37,170
940,24,Goat,46,449
941,24,Sheep,34,102
942,24,Cattle,31,552
943,24,Goat,50,402
944,24,Sheep,37,360
945,24,Cattle,55,120
946,24,Sheep,46,391
947,24,Cattle,56,572
948,24,Sheep,19,464
949,24,Poultry,37,299
950,24,Goat,59,315
951,24,Goat,41,158
952,24,Sheep,56,376
953,24,Cattle,8,126
954,24,Sheep,7,152
955,24,Poultry,34,492
956,24,Cattle,33,232
957,24,Poultry,47,334
958,24,Poultry,23,120
959,24,Goat,22,109
960,24,Goat,48,194
961,25,Cattle,31,337
962,25,Poultry,33,118
963,25,Cattle,6,243
964,25,Sheep,10,160
965,25,Poultry,39,480
966,25,Cattle,6,376
967,25,Cattle,33,160
968,25,Sheep,10,259
969,25,Sheep,11,129
970,25,Cattle,26,401
971,25,Goat,14,416
972,25,Poultry,47,171
973,25,Cattle,39,33
974,25,Poultry,34,384
975,25,Poultry,46,180
976,25,Sheep,45,478
977,25,Poultry,11,127
978,25,Poultry,54,151
979,25,Sheep,28,464
980,25,Goat,56,168
981,25,Poultry,23,111
982,25,Poultry,41,316
983,25,Cattle,60,333
984,25,Poultry,39,546
985,25,Poultry,53,426
986,25,Goat,47,80
987,25,Poultry,37,420
988,25,Cattle,21,536
989,25,Cattle,39,37
990,25,Goat,26,160
991,25,Sheep,59,455
992,25,Goat,40,201
993,25,Sheep,55,99
994,25,Cattle,43,94
995,25,Cattle,22,245
996,25,Cattle,9,432
997,25,Goat,46,538
998,25,Sheep,33,436
999,25,Cattle,46,574
1000,25,Poultry,23,110
1001,26,Goat,11,548
1002,26,Poultry,57,184
1003,26,Goat,31,92
1004,26,Goat,50,472
1005,26,Poultry,9,275
1006,26,Cattle,33,143
1007,26,Sheep,45,81
1008,26,Goat,48,204
1009,26,Cattle,6,165
1010,26,Cattle,16,533
1011,26,Goat,39,554
1012,26,Goat,16,405
1013,26,Poultry,53,300
1014,26,Cattle,55,55
1015,26,Goat,57,464
1016,26,Goat,39,90
1017,26,Goat,51,103
1018,26,Sheep,35,548
1019,26,Goat,9,536
1020,26,Poultry,29,186
1021,26,Goat,55,130
1022,26,Cattle,20,546
1023,26,Cattle,8,37
1024,26,Poultry,8,508
1025,26,Goat,30,178
1026,26,Poultry,60,61
1027,26,Sheep,20,354
1028,26,Poultry,32,352
1029,26,Goat,58,104
1030,26,Goat,13,539
1031,26,Cattle,17,253
1032,26,Cattle,31,95
1033,26,Sheep,24,343
1034,26,Goat,11,591
1035,26,Sheep,6,402
1036,26,Poultry,24,336
1037,26,Poultry,35,402
1038,26,Sheep,55,225
1039,26,Poultry,15,31
1040,26,Sheep,7,263
1041,27,Goat,46,34
1042,27,Goat,6,410
1043,27,Goat,12,235
1044,27,Poultry,32,528
1045,27,Cattle,15,311
1046,27,Cattle,8,262
1047,27,Sheep,50,406
1048,27,Sheep,53,111
1049,27,Cattle,38,161
1050,27,Sheep,10,88
1051,27,Sheep,48,158
1052,27,Poultry,24,292
1053,27,Goat,57,427
1054,27,Goat,26,488
1055,27,Goat,20,101
1056,27,Poultry,14,136
1057,27,Poultry,12,193
1058,27,Sheep,35,346
1059,27,Sheep,13,573
1060,27,Goat,55,237
1061,27,Sheep,25,499
1062,27,Goat,60,147
1063,27,Cattle,16,336
1064,27,Cattle,19,360
1065,27,Poultry,11,279
1066,27,Goat,31,550
1067,27,Cattle,49,331
1068,27,Goat,58,203
1069,27,Cattle,31,488
1070,27,Poultry,12,498
1071,27,Cattle,57,168
1072,27,Cattle,6,88
1073,27,Poultry,14,227
1074,27,Sheep,29,111
1075,27,Goat,58,101
1076,27,Cattle,10,227
1077,27,Sheep,57,156
1078,27,Cattle,60,364
1079,27,Cattle,8,497
1080,27,Cattle,16,468
1081,28,Sheep,37,55
1082,28,Sheep,49,461
1083,28,Poultry,28,244
1084,28,Poultry,23,311
1085,28,Sheep,15,60
1086,28,Poultry,47,327
1087,28,Sheep,32,588
1088,28,Sheep,9,114
1089,28,Goat,30,165
1090,28,Sheep,18,563
1091,28,Poultry,46,581
1092,28,Cattle,30,392
1093,28,Sheep,40,521
1094,28,Goat,42,539
1095,28,Goat,30,301
1096,28,Poultry,7,351
1097,28,Poultry,7,312
1098,28,Cattle,57,508
1099,28,Goat,55,263
1100,28,Poultry,12,278
1101,28,Poultry,23,571
1102,28,Cattle,54,249
1103,28,Sheep,28,202
1104,28,Poultry,21,350
1105,28,Goat,43,53
1106,28,Goat,42,170
1107,28,Poultry,59,529
1108,28,Goat,17,527
1109,28,Cattle,11,82
1110,28,Poultry,44,249
1111,28,Cattle,39,514
1112,28,Cattle,27,231
1113,28,Poultry,27,206
1114,28,Goat,9,47
1115,28,Poultry,43,170
1116,28,Cattle,60,563
1117,28,Goat,10,407
1118,28,Sheep,43,128
1119,28,Goat,25,355
1120,28,Poultry,16,472
1121,29,Sheep,47,349
1122,29,Poultry,51,600
1123,29,Goat,20,204
1124,29,Sheep,25,326
1125,29,Poultry,17,26
1126,29,Sheep,60,58
1127,29,Poultry,44,350
1128,29,Poultry,46,131
1129,29,Sheep,15,364
1130,29,Cattle,21,380
1131,29,Goat,16,115
1132,29,Goat,34,36
1133,29,Goat,19,280
1134,29,Cattle,28,287
1135,29,Cattle,52,26
1136,29,Cattle,30,473
1137,29,Sheep,16,448
1138,29,Sheep,30,384
1139,29,Sheep,12,515
1140,29,Poultry,16,487
1141,29,Cattle,57,59
1142,29,Goat,7,351
1143,29,Goat,12,100
1144,29,Goat,16,409
1145,29,Poultry,52,101
1146,29,Cattle,27,519
1147,29,Cattle,33,193
1148,29,Sheep,16,79
1149,29,Cattle,27,235
1150,29,Poultry,32,592
1151,29,Goat,48,313
1152,29,Goat,21,123
1153,29,Cattle,31,587
1154,29,Sheep,15,80
1155,29,Goat,6,462
1156,29,Cattle,24,516
1157,29,Poultry,12,51
1158,29,Poultry,16,323
1159,29,Cattle,36,143
1160,29,Goat,56,432
1161,30,Sheep,37,296
1162,30,Cattle,47,582
1163,30,Sheep,17,404
1164,30,Sheep,29,216
1165,30,Sheep,8,294
1166,30,Sheep,35,294
1167,30,Poultry,59,300
1168,30,Cattle,15,124
1169,30,Cattle,48,377
1170,30,Sheep,54,257
1171,30,Cattle,59,421
1172,30,Sheep,40,511
1173,30,Poultry,36,331
1174,30,Cattle,31,60
1175,30,Poultry,13,484
1176,30,Poultry,16,241
1177,30,Poultry,14,68
1178,30,Sheep,11,470
1179,30,Poultry,58,176
1180,30,Goat,26,93
1181,30,Cattle,30,594
1182,30,Sheep,41,358
1183,30,Goat,39,494
1184,30,Cattle,56,560
1185,30,Sheep,13,449
1186,30,Poultry,15,127
1187,30,Cattle,42,128
1188,30,Goat,40,377
1189,30,Sheep,22,417
1190,30,Sheep,42,509
1191,30,Cattle,17,307
1192,30,Sheep,15,436
1193,30,Cattle,31,364
1194,30,Poultry,9,511
1195,30,Goat,29,45
1196,30,Goat,58,335
1197,30,Goat,23,528
1198,30,Cattle,20,162
1199,30,Goat,53,478
1200,30,Goat,23,451
1201,31,Cattle,18,477
1202,31,Poultry,58,441
1203,31,Sheep,54,553
1204,31,Goat,58,82
1205,31,Poultry,10,343
1206,31,Sheep,14,561
1207,31,Cattle,17,222
1208,31,Poultry,59,84
1209,31,Poultry,8,492
1210,31,Cattle,29,228
1211,31,Goat,29,500
1212,31,Sheep,46,151
1213,31,Cattle,21,406
1214,31,Sheep,44,481
1215,31,Poultry,36,589
1216,31,Goat,28,192
1217,31,Goat,53,117
1218,31,Goat,7,420
1219,31,Cattle,16,244
1220,31,Poultry,47,255
1221,31,Poultry,23,444
1222,31,Cattle,55,34
1223,31,Sheep,14,202
1224,31,Cattle,20,283
1225,31,Goat,51,306
1226,31,Sheep,30,382
1227,31,Sheep,22,248
1228,31,Sheep,25,558
1229,31,Sheep,43,129
1230,31,Cattle,38,408
1231,31,Goat,25,135
1232,31,Sheep,10,369
1233,31,Goat,46,357
1234,31,Goat,22,330
1235,31,Poultry,15,554
1236,31,Poultry,9,438
1237,31,Goat,49,168
1238,31,Cattle,47,534
1239,31,Goat,22,453
1240,31,Sheep,30,61
1241,32,Poultry,27,252
1242,32,Sheep,48,392
1243,32,Goat,60,199
1244,32,Poultry,24,124
1245,32,Sheep,14,289
1246,32,Poultry,49,368
1247,32,Cattle,20,388
1248,32,Poultry,53,339
1249,32,Sheep,56,364
1250,32,Goat,22,326
1251,32,Sheep,60,145
1252,32,Sheep,9,97
1253,32,Sheep,18,537
1254,32,Cattle,49,415
1255,32,Goat,32,80
1256,32,Poultry,14,230
1257,32,Goat,32,493
1258,32,Poultry,26,209
1259,32,Cattle,37,365
1260,32,Poultry,26,84
1261,32,Cattle,34,305
1262,32,Poultry,54,197
1263,32,Poultry,37,115
1264,32,Poultry,45,469
1265,32,Sheep,31,464
1266,32,Sheep,30,29
1267,32,Cattle,40,229
1268,32,Goat,6,354
1269,32,Poultry,7,29
1270,32,Poultry,20,377
1271,32,Goat,14,130
1272,32,Sheep,38,338
1273,32,Poultry,10,71
1274,32,Goat,24,491
1275,32,Goat,33,162
1276,32,Goat,37,392
1277,32,Poultry,16,438
1278,32,Cattle,20,254
1279,32,Poultry,19,47
1280,32,Poultry,13,400
1281,33,Cattle,30,286
1282,33,Cattle,44,74
1283,33,Cattle,47,45
1284,33,Cattle,50,143
1285,33,Sheep,34,414
1286,33,Cattle,41,283
1287,33,Sheep,50,181
1288,33,Poultry,50,34
1289,33,Goat,32,128
1290,33,Goat,45,165
1291,33,Sheep,59,132
1292,33,Cattle,24,141
1293,33,Cattle,37,228
1294,33,Poultry,55,294
1295,33,Poultry,28,444
1296,33,Goat,16,65
1297,33,Sheep,19,517
1298,33,Goat,21,27
1299,33,Cattle,48,116
1300,33,Cattle,59,530
1301,33,Poultry,11,548
1302,33,Cattle,52,128
1303,33,Goat,47,261
1304,33,Sheep,24,295
1305,33,Sheep,9,127
1306,33,Poultry,8,322
1307,33,Goat,57,345
1308,33,Sheep,53,143
1309,33,Cattle,60,71
1310,33,Cattle,60,166
1311,33,Poultry,27,391
1312,33,Sheep,45,299
1313,33,Cattle,29,375
1314,33,Poultry,13,435
1315,33,Sheep,35,303
1316,33,Sheep,50,514
1317,33,Sheep,47,195
1318,33,Cattle,14,85
1319,33,Poultry,12,451
1320,33,Sheep,57,473
1321,34,Poultry,45,413
1322,34,Goat,45,54
1323,34,Poultry,36,524
1324,34,Cattle,32,476
1325,34,Cattle,10,292
1326,34,Goat,6,562
1327,34,Poultry,48,371
1328,34,Cattle,33,279
1329,34,Sheep,28,419
1330,34,Poultry,59,596
1331,34,Cattle,6,185
1332,34,Sheep,60,532
1333,34,Poultry,10,528
1334,34,Goat,21,363
1335,34,Goat,9,544
1336,34,Poultry,41,412
1337,34,Sheep,58,265
1338,34,Cattle,35,479
1339,34,Sheep,11,535
1340,34,Sheep,26,146
1341,34,Sheep,53,43
1342,34,Cattle,31,447
1343,34,Cattle,41,587
1344,34,Cattle,58,118
1345,34,Goat,38,600
1346,34,Poultry,47,492
1347,34,Goat,29,80
1348,34,Poultry,60,490
1349,34,Goat,41,509
1350,34,Goat,51,488
1351,34,Cattle,12,252
1352,34,Cattle,27,388
1353,34,Goat,41,559
1354,34,Goat,50,133
1355,34,Cattle,16,529
1356,34,Poultry,58,444
1357,34,Cattle,22,225
1358,34,Poultry,13,427
1359,34,Poultry,35,220
1360,34,Goat,12,449
1361,35,Cattle,46,151
1362,35,Sheep,35,541
1363,35,Poultry,37,29
1364,35,Cattle,41,468
1365,35,Sheep,38,206
1366,35,Poultry,52,156
1367,35,Cattle,30,354
1368,35,Sheep,32,279
1369,35,Goat,31,376
1370,35,Goat,34,161
1371,35,Poultry,32,549
1372,35,Goat,59,585
1373,35,Goat,51,591
1374,35,Poultry,18,239
1375,35,Goat,49,378
1376,35,Poultry,51,207
1377,35,Goat,51,143
1378,35,Goat,41,516
1379,35,Sheep,49,571
1380,35,Goat,60,457
1381,35,Cattle,39,134
1382,35,Cattle,30,173
1383,35,Cattle,48,82
1384,35,Poultry,23,189
1385,35,Goat,49,281
1386,35,Poultry,59,88
1387,35,Goat,19,579
1388,35,Cattle,28,488
1389,35,Cattle,45,600
1390,35,Poultry,53,599
1391,35,Sheep,21,548
1392,35,Goat,50,73
1393,35,Sheep,30,451
1394,35,Goat,41,80
1395,35,Cattle,53,282
1396,35,Poultry,45,478
1397,35,Poultry,46,401
1398,35,Poultry,55,223
1399,35,Goat,34,206
1400,35,Cattle,17,202
1401,36,Cattle,30,66
1402,36,Sheep,23,594
1403,36,Goat,14,189
1404,36,Goat,6,363
1405,36,Sheep,51,183
1406,36,Cattle,15,355
1407,36,Cattle,55,333
1408,36,Sheep,56,588
1409,36,Goat,10,350
1410,36,Poultry,17,558
1411,36,Cattle,56,542
1412,36,Poultry,32,581
1413,36,Sheep,11,382
1414,36,Poultry,19,364
1415,36,Goat,29,325
1416,36,Poultry,54,568
1417,36,Sheep,41,34
1418,36,Cattle,48,379
1419,36,Sheep,21,274
1420,36,Cattle,49,353
1421,36,Sheep,56,141
1422,36,Sheep,22,578
1423,36,Goat,7,554
1424,36,Goat,38,545
1425,36,Sheep,37,69
1426,36,Goat,47,222
1427,36,Goat,38,109
1428,36,Cattle,16,575
1429,36,Cattle,46,92
1430,36,Poultry,48,243
1431,36,Sheep,59,131
1432,36,Poultry,40,470
1433,36,Cattle,53,182
1434,36,Cattle,35,364
1435,36,Cattle,11,100
1436,36,Cattle,17,282
1437,36,Cattle,42,258
1438,36,Goat,32,422
1439,36,Sheep,46,439
1440,36,Sheep,26,42
1441,37,Sheep,49,146
1442,37,Cattle,47,89
1443,37,Cattle,50,99
1444,37,Goat,38,133
1445,37,Goat,56,333
1446,37,Cattle,24,473
1447,37,Sheep,31,56
1448,37,Sheep,16,571
1449,37,Poultry,14,425
1450,37,Goat,46,172
1451,37,Goat,49,407
1452,37,Cattle,41,593
1453,37,Poultry,13,67
1454,37,Cattle,42,428
1455,37,Cattle,25,240
1456,37,Goat,19,447
1457,37,Poultry,16,213
1458,37,Poultry,45,283
1459,37,Poultry,13,210
1460,37,Cattle,60,587
1461,37,Sheep,47,587
1462,37,Cattle,24,93
1463,37,Goat,12,227
1464,37,Sheep,27,390
1465,37,Poultry,48,265
1466,37,Cattle,24,96
1467,37,Poultry,26,522
1468,37,Sheep,27,338
1469,37,Poultry,42,398
1470,37,Goat,33,197
1471,37,Cattle,26,277
1472,37,Poultry,51,471
1473,37,Goat,59,393
1474,37,Poultry,49,364
1475,37,Sheep,35,481
1476,37,Goat,55,337
1477,37,Sheep,41,136
1478,37,Poultry,47,108
1479,37,Goat,60,168
1480,37,Poultry,22,103
1481,38,Cattle,7,544
1482,38,Cattle,58,439
1483,38,Poultry,8,589
1484,38,Goat,40,577
1485,38,Sheep,47,177
1486,38,Goat,31,253
1487,38,Goat,14,500
1488,38,Cattle,31,397
1489,38,Cattle,48,269
1490,38,Poultry,54,551
1491,38,Poultry,34,188
1492,38,Poultry,42,174
1493,38,Sheep,28,66
1494,38,Poultry,54,524
1495,38,Poultry,10,295
1496,38,Goat,20,68
1497,38,Poultry,39,394
1498,38,Sheep,36,490
1499,38,Cattle,8,356
1500,38,Cattle,51,558
1501,38,Goat,59,294
1502,38,Poultry,30,412
1503,38,Goat,43,104
1504,38,Goat,30,253
1505,38,Sheep,28,378
1506,38,Sheep,56,518
1507,38,Cattle,38,167
1508,38,Sheep,16,260
1509,38,Cattle,38,312
1510,38,Poultry,15,216
1511,38,Poultry,29,146
1512,38,Poultry,32,363
1513,38,Cattle,36,515
1514,38,Sheep,19,190
1515,38,Sheep,7,274
1516,38,Cattle,14,189
1517,38,Poultry,46,549
1518,38,Cattle,42,175
1519,38,Cattle,16,289
1520,38,Poultry,39,440
1521,39,Cattle,52,315
1522,39,Cattle,19,484
1523,39,Sheep,36,199
1524,39,Poultry,59,445
1525,39,Poultry,56,211
1526,39,Goat,16,375
1527,39,Sheep,44,95
1528,39,Poultry,30,419
1529,39,Poultry,12,41
1530,39,Poultry,39,541
1531,39,Sheep,58,178
1532,39,Cattle,17,512
1533,39,Cattle,56,569
1534,39,Cattle,11,518
1535,39,Poultry,44,577
1536,39,Cattle,55,466
1537,39,Sheep,29,69
1538,39,Sheep,20,518
1539,39,Sheep,28,125
1540,39,Sheep,14,285
1541,39,Sheep,55,263
1542,39,Cattle,24,581
1543,39,Sheep,22,218
1544,39,Cattle,51,32
1545,39,Cattle,39,32
1546,39,Sheep,47,235
1547,39,Goat,32,395
1548,39,Cattle,15,461
1549,39,Goat,22,573
1550,39,Sheep,42,399
1551,39,Goat,49,431
1552,39,Poultry,32,590
1553,39,Sheep,17,404
1554,39,Sheep,22,339
1555,39,Goat,55,432
1556,39,Poultry,60,146
1557,39,Poultry,34,190
1558,39,Cattle,19,545
1559,39,Sheep,56,371
1560,39,Cattle,16,423
1561,40,Cattle,57,118
1562,40,Poultry,36,470
1563,40,Cattle,10,294
1564,40,Poultry,29,106
1565,40,Cattle,52,418
1566,40,Sheep,45,558
1567,40,Goat,51,83
1568,40,Poultry,46,531
1569,40,Sheep,6,231
1570,40,Goat,18,59
1571,40,Poultry,45,198
1572,40,Cattle,29,269
1573,40,Cattle,16,113
1574,40,Goat,55,434
1575,40,Goat,48,429
1576,40,Sheep,43,230
1577,40,Cattle,53,95
1578,40,Cattle,41,316
1579,40,Goat,28,308
1580,40,Poultry,44,224
1581,40,Sheep,31,29
1582,40,Goat,17,441
1583,40,Cattle,41,99
1584,40,Goat,27,144
1585,40,Goat,40,281
1586,40,Sheep,30,520
1587,40,Poultry,54,372
1588,40,Sheep,49,496
1589,40,Cattle,36,144
1590,40,Goat,10,416
1591,40,Poultry,49,260
1592,40,Goat,32,386
1593,40,Cattle,50,294
1594,40,Poultry,24,120
1595,40,Sheep,49,375
1596,40,Cattle,41,207
1597,40,Sheep,26,387
1598,40,Poultry,42,300
1599,40,Poultry,53,219
1600,40,Sheep,53,229
1601,41,Poultry,53,272
1602,41,Goat,19,259
1603,41,Poultry,59,280
1604,41,Goat,15,134
1605,41,Cattle,11,529
1606,41,Cattle,54,579
1607,41,Cattle,60,518
1608,41,Goat,45,347
1609,41,Sheep,42,306
1610,41,Sheep,17,548
1611,41,Goat,31,252
1612,41,Poultry,9,563
1613,41,Sheep,36,578
1614,41,Cattle,38,380
1615,41,Sheep,49,203
1616,41,Sheep,13,555
1617,41,Sheep,26,33
1618,41,Cattle,49,240
1619,41,Sheep,43,128
1620,41,Goat,29,290
1621,41,Poultry,41,294
1622,41,Poultry,23,507
1623,41,Goat,29,213
1624,41,Sheep,33,240
1625,41,Sheep,50,406
1626,41,Goat,60,435
1627,41,Goat,34,209
1628,41,Poultry,42,259
1629,41,Cattle,52,301
1630,41,Poultry,41,467
1631,41,Sheep,18,174
1632,41,Poultry,36,34
1633,41,Poultry,32,536
1634,41,Poultry,60,554
1635,41,Goat,56,523
1636,41,Goat,22,600
1637,41,Cattle,31,126
1638,41,Poultry,9,245
1639,41,Goat,36,123
1640,41,Sheep,53,367
1641,42,Goat,29,393
1642,42,Goat,28,45
1643,42,Sheep,13,384
1644,42,Poultry,42,576
1645,42,Poultry,55,316
1646,42,Goat,26,547
1647,42,Sheep,55,482
1648,42,Cattle,30,318
1649,42,Sheep,46,173
1650,42,Poultry,46,370
1651,42,Sheep,46,439
1652,42,Cattle,11,190
1653,42,Goat,20,346
1654,42,Goat,47,323
1655,42,Goat,44,429
1656,42,Goat,34,396
1657,42,Sheep,32,196
1658,42,Poultry,60,48
1659,42,Poultry,52,265
1660,42,Goat,53,106
1661,42,Poultry,16,431
1662,42,Cattle,12,90
1663,42,Sheep,41,80
1664,42,Cattle,55,431
1665,42,Cattle,12,293
1666,42,Poultry,11,424
1667,42,Goat,20,278
1668,42,Goat,34,154
1669,42,Poultry,39,199
1670,42,Cattle,8,390
1671,42,Goat,36,503
1672,42,Goat,41,480
1673,42,Poultry,50,577
1674,42,Poultry,43,492
1675,42,Sheep,39,571
1676,42,Goat,28,518
1677,42,Poultry,57,116
1678,42,Sheep,25,399
1679,42,Sheep,22,184
1680,42,Goat,6,25
1681,43,Poultry,28,318
1682,43,Sheep,40,33
1683,43,Sheep,54,513
1684,43,Goat,6,465
1685,43,Goat,44,261
1686,43,Cattle,41,407
1687,43,Poultry,32,599
1688,43,Sheep,31,280
1689,43,Poultry,51,424
1690,43,Sheep,20,294
1691,43,Cattle,33,270
1692,43,Goat,24,569
1693,43,Goat,32,217
1694,43,Cattle,17,164
1695,43,Goat,13,491
1696,43,Sheep,23,528
1697,43,Poultry,26,44
1698,43,Poultry,9,572
1699,43,Cattle,17,129
1700,43,Goat,23,153
1701,43,Sheep,52,33
1702,43,Poultry,11,179
1703,43,Cattle,37,247
1704,43,Goat,32,344
1705,43,Sheep,29,499
1706,43,Cattle,27,107
1707,43,Poultry,9,297
1708,43,Sheep,10,581
1709,43,Sheep,17,221
1710,43,Goat,58,415
1711,43,Cattle,13,279
1712,43,Sheep,55,478
1713,43,Poultry,53,59
1714,43,Poultry,35,121
1715,43,Poultry,36,423
1716,43,Goat,26,187
1717,43,Cattle,53,587
1718,43,Cattle,22,517
1719,43,Goat,18,394
1720,43,Cattle,48,248
1721,44,Cattle,21,469
1722,44,Goat,6,196
1723,44,Goat,43,147
1724,44,Sheep,56,273
1725,44,Cattle,8,511
1726,44,Poultry,29,116
1727,44,Poultry,16,536
1728,44,Cattle,49,371
1729,44,Cattle,9,389
1730,44,Poultry,50,574
1731,44,Cattle,14,524
1732,44,Poultry,26,596
1733,44,Goat,57,474
1734,44,Poultry,7,411
1735,44,Goat,52,162
1736,44,Goat,8,521
1737,44,Sheep,41,326
1738,44,Sheep,18,216
1739,44,Goat,26,504
1740,44,Goat,59,592
1741,44,Poultry,10,568
1742,44,Poultry,34,327
1743,44,Goat,40,400
1744,44,Sheep,6,543
1745,44,Sheep,52,214
1746,44,Cattle,45,397
1747,44,Poultry,26,89
1748,44,Sheep,18,561
1749,44,Sheep,55,589
1750,44,Poultry,45,314
1751,44,Goat,32,354
1752,44,Cattle,12,560
1753,44,Cattle,8,157
1754,44,Poultry,8,231
1755,44,Cattle,37,221
1756,44,Cattle,8,422
1757,44,Sheep,39,287
1758,44,Cattle,29,251
1759,44,Cattle,6,238
1760,44,Sheep,59,106
1761,45,Sheep,57,87
1762,45,Goat,41,450
1763,45,Goat,56,84
1764,45,Goat,39,66
1765,45,Cattle,59,336
1766,45,Cattle,19,556
1767,45,Cattle,12,261
1768,45,Sheep,18,222
1769,45,Poultry,42,208
1770,45,Sheep,53,133
1771,45,Goat,49,494
1772,45,Sheep,12,195
1773,45,Poultry,41,436
1774,45,Goat,48,186
1775,45,Sheep,28,347
1776,45,Goat,60,405
1777,45,Sheep,54,465
1778,45,Goat,44,271
1779,45,Poultry,30,588
1780,45,Goat,29,488
1781,45,Sheep,31,25
1782,45,Cattle,24,41
1783,45,Poultry,25,31
1784,45,Goat,20,244
1785,45,Goat,7,307
1786,45,Poultry,12,63
1787,45,Sheep,28,184
1788,45,Poultry,22,400
1789,45,Poultry,20,287
1790,45,Goat,11,434
1791,45,Poultry,52,104
1792,45,Goat,56,519
1793,45,Poultry,37,122
1794,45,Goat,8,415
1795,45,Cattle,55,82
1796,45,Goat,28,469
1797,45,Sheep,13,257
1798,45,Cattle,46,416
1799,45,Cattle,25,561
1800,45,Cattle,26,577
1801,46,Poultry,26,539
1802,46,Poultry,15,76
1803,46,Sheep,34,541
1804,46,Cattle,20,467
1805,46,Goat,56,428
1806,46,Poultry,14,369
1807,46,Cattle,36,75
1808,46,Sheep,22,112
1809,46,Sheep,38,469
1810,46,Poultry,54,163
1811,46,Sheep,41,227
1812,46,Sheep,31,225
1813,46,Poultry,21,98
1814,46,Goat,55,465
1815,46,Goat,49,116
1816,46,Cattle,48,448
1817,46,Sheep,29,381
1818,46,Poultry,26,377
1819,46,Cattle,55,337
1820,46,Poultry,28,477
1821,46,Poultry,34,70
1822,46,Poultry,18,407
1823,46,Poultry,54,112
1824,46,Cattle,53,80
1825,46,Poultry,45,176
1826,46,Goat,6,376
1827,46,Cattle,25,485
1828,46,Sheep,7,364
1829,46,Poultry,53,575
1830,46,Poultry,19,584
1831,46,Goat,41,519
1832,46,Poultry,50,43
1833,46,Sheep,43,564
1834,46,Cattle,22,199
1835,46,Cattle,24,230
1836,46,Goat,9,501
1837,46,Cattle,10,422
1838,46,Goat,48,393
1839,46,Cattle,7,324
1840,46,Sheep,20,414
1841,47,Cattle,26,521
1842,47,Cattle,17,228
1843,47,Sheep,41,47
1844,47,Cattle,21,567
1845,47,Goat,27,526
1846,47,Sheep,53,185
1847,47,Cattle,28,385
1848,47,Goat,46,334
1849,47,Poultry,38,307
1850,47,Cattle,46,288
1851,47,Sheep,58,55
1852,47,Goat,20,180
1853,47,Goat,31,165
1854,47,Cattle,52,416
1855,47,Poultry,32,271
1856,47,Poultry,33,344
1857,47,Goat,34,580
1858,47,Poultry,19,166
1859,47,Poultry,14,341
1860,47,Poultry,33,173
1861,47,Poultry,26,94
1862,47,Cattle,17,350
1863,47,Poultry,52,55
1864,47,Goat,32,446
1865,47,Goat,34,305
1866,47,Poultry,55,217
1867,47,Cattle,14,214
1868,47,Cattle,54,298
1869,47,Poultry,44,262
1870,47,Poultry,49,51
1871,47,Goat,11,513
1872,47,Poultry,38,505
1873,47,Goat,17,421
1874,47,Sheep,36,165
1875,47,Poultry,18,256
1876,47,Cattle,32,40
1877,47,Goat,32,252
1878,47,Poultry,54,234
1879,47,Cattle,17,474
1880,47,Sheep,50,357
1881,48,Sheep,21,462
1882,48,Sheep,55,67
1883,48,Sheep,52,345
1884,48,Sheep,45,574
1885,48,Cattle,39,136
1886,48,Sheep,35,68
1887,48,Poultry,39,575
1888,48,Sheep,53,65
1889,48,Sheep,39,75
1890,48,Poultry,24,475
1891,48,Sheep,25,317
1892,48,Sheep,16,457
1893,48,Goat,45,80
1894,48,Poultry,35,487
1895,48,Cattle,52,537
1896,48,Cattle,17,584
1897,48,Poultry,31,448
1898,48,Goat,34,50
1899,48,Poultry,35,231
1900,48,Sheep,11,281
1901,48,Goat,50,192
1902,48,Cattle,11,141
1903,48,Sheep,46,396
1904,48,Cattle,39,418
1905,48,Poultry,30,588
1906,48,Sheep,8,199
1907,48,Goat,42,178
1908,48,Poultry,15,208
1909,48,Cattle,32,340
1910,48,Goat,52,481
1911,48,Goat,46,210
1912,48,Cattle,14,232
1913,48,Cattle,45,284
1914,48,Cattle,35,534
1915,48,Sheep,40,30
1916,48,Sheep,21,247
1917,48,Sheep,35,444
1918,48,Sheep,11,31
1919,48,Poultry,41,309
1920,48,Poultry,9,214
1921,49,Poultry,9,382
1922,49,Cattle,15,58
1923,49,Goat,27,114
1924,49,Cattle,12,451
1925,49,Poultry,16,316
1926,49,Poultry,35,393
1927,49,Cattle,11,331
1928,49,Goat,29,413
1929,49,Cattle,54,462
1930,49,Cattle,24,507
1931,49,Poultry,13,306
1932,49,Goat,39,448
1933,49,Poultry,50,239
1934,49,Cattle,12,566
1935,49,Cattle,36,319
1936,49,Sheep,44,349
1937,49,Goat,39,387
1938,49,Poultry,45,533
1939,49,Sheep,37,209
1940,49,Poultry,51,322
1941,49,Poultry,6,146
1942,49,Cattle,35,145
1943,49,Poultry,57,449
1944,49,Sheep,8,366
1945,49,Goat,41,242
1946,49,Cattle,46,231
1947,49,Goat,22,94
1948,49,Goat,25,543
1949,49,Goat,55,31
1950,49,Cattle,49,366
1951,49,Goat,31,54
1952,49,Poultry,18,363
1953,49,Goat,49,515
1954,49,Sheep,57,61
1955,49,Poultry,36,184
1956,49,Sheep,40,368
1957,49,Sheep,56,448
1958,49,Cattle,59,558
1959,49,Goat,42,348
1960,49,Cattle,19,364
1961,50,Goat,10,177
1962,50,Goat,59,56
1963,50,Goat,30,572
1964,50,Poultry,42,423
1965,50,Poultry,44,144
1966,50,Goat,51,347
1967,50,Cattle,23,448
1968,50,Cattle,37,268
1969,50,Goat,34,334
1970,50,Poultry,39,334
1971,50,Poultry,13,408
1972,50,Cattle,55,231
1973,50,Cattle,34,543
1974,50,Cattle,57,519
1975,50,Poultry,18,373
1976,50,Sheep,52,561
1977,50,Goat,55,360
1978,50,Poultry,55,125
1979,50,Poultry,19,62
1980,50,Sheep,30,559
1981,50,Cattle,6,343
1982,50,Cattle,49,114
1983,50,Goat,35,72
1984,50,Cattle,39,344
1985,50,Cattle,42,344
1986,50,Poultry,26,230
1987,50,Poultry,24,308
1988,50,Goat,55,476
1989,50,Cattle,23,177
1990,50,Poultry,23,142
1991,50,Cattle,45,598
1992,50,Cattle,19,580
1993,50,Goat,41,351
1994,50,Goat,15,315
1995,50,Poultry,16,97
1996,50,Goat,45,371
1997,50,Sheep,9,158
1998,50,Cattle,36,76
1999,50,Cattle,30,80
2000,50,Cattle,33,426
